[
{"player_id": 1630173, "player_country": "Nigeria"},
{"player_id": 203500, "player_country": "New Zealand"},
{"player_id": 1628389, "player_country": "USA"},
{"player_id": 1630534, "player_country": "USA"},
{"player_id": 1630583, "player_country": "Spain"},
{"player_id": 1629638, "player_country": "Canada"},
{"player_id": 1628960, "player_country": "USA"},
{"player_id": 1628386, "player_country": "USA"},
{"player_id": 1630631, "player_country": "USA"},
{"player_id": 203937, "player_country": "USA"},
{"player_id": 203507, "player_country": "Greece"},
{"player_id": 203648, "player_country": "Greece"},
{"player_id": 1630175, "player_country": "USA"},
{"player_id": 1628384, "player_country": "United Kingdom"},
{"player_id": 1627853, "player_country": "USA"},
{"player_id": 1630166, "player_country": "Israel"},
{"player_id": 1629028, "player_country": "Bahamas"},
{"player_id": 1628962, "player_country": "Nigeria"},
{"player_id": 1628963, "player_country": "USA"},
{"player_id": 1641735, "player_country": "USA"},
{"player_id": 1631116, "player_country": "USA"},
{"player_id": 1630163, "player_country": "USA"},
{"player_id": 1628366, "player_country": "USA"},
{"player_id": 1628964, "player_country": "USA"},
{"player_id": 1631094, "player_country": "USA"},
{"player_id": 1630217, "player_country": "USA"},
{"player_id": 1630625, "player_country": "Canada"},
{"player_id": 1631230, "player_country": "USA"},
{"player_id": 203084, "player_country": "USA"},
{"player_id": 1630567, "player_country": "USA"},
{"player_id": 1629628, "player_country": "Canada"},
{"player_id": 1629646, "player_country": "Nigeria"},
{"player_id": 1641734, "player_country": "USA"},
{"player_id": 1628966, "player_country": "USA"},
{"player_id": 201587, "player_country": "France"},
{"player_id": 203078, "player_country": "USA"},
{"player_id": 1627736, "player_country": "USA"},
{"player_id": 1630699, "player_country": "USA"},
{"player_id": 1641777, "player_country": "Canada"},
{"player_id": 202722, "player_country": "Latvia"},
{"player_id": 201976, "player_country": "USA"},
{"player_id": 1630180, "player_country": "USA"},
{"player_id": 1629048, "player_country": "Georgia"},
{"player_id": 1641931, "player_country": "Turkey"},
{"player_id": 202687, "player_country": "DRC"},
{"player_id": 1641710, "player_country": "USA"},
{"player_id": 1641778, "player_country": "USA"},
{"player_id": 203992, "player_country": "Serbia"},
{"player_id": 202711, "player_country": "Croatia"},
{"player_id": 1629626, "player_country": "Sudan"},
{"player_id": 1629716, "player_country": "USA"},
{"player_id": 1626164, "player_country": "USA"},
{"player_id": 1630527, "player_country": "USA"},
{"player_id": 1628449, "player_country": "Saint Lucia"},
{"player_id": 1630547, "player_country": "USA"},
{"player_id": 1631123, "player_country": "USA"},
{"player_id": 1631103, "player_country": "USA"},
{"player_id": 1631128, "player_country": "USA"},
{"player_id": 1628969, "player_country": "USA"},
{"player_id": 1628970, "player_country": "USA"},
{"player_id": 1629052, "player_country": "Canada"},
{"player_id": 1627763, "player_country": "USA"},
{"player_id": 1629717, "player_country": "USA"},
{"player_id": 1628415, "player_country": "Canada"},
{"player_id": 1628971, "player_country": "USA"},
{"player_id": 1627759, "player_country": "USA"},
{"player_id": 1631112, "player_country": "USA"},
{"player_id": 1641738, "player_country": "USA"},
{"player_id": 1629650, "player_country": "USA"},
{"player_id": 1630535, "player_country": "USA"},
{"player_id": 1629718, "player_country": "USA"},
{"player_id": 1628972, "player_country": "USA"},
{"player_id": 1628973, "player_country": "USA"},
{"player_id": 1628418, "player_country": "USA"},
{"player_id": 1641723, "player_country": "USA"},
{"player_id": 203493, "player_country": "USA"},
{"player_id": 202692, "player_country": "USA"},
{"player_id": 1630215, "player_country": "USA"},
{"player_id": 202710, "player_country": "USA"},
{"player_id": 1631219, "player_country": "USA"},
{"player_id": 1631288, "player_country": "USA"},
{"player_id": 203484, "player_country": "USA"},
{"player_id": 1641739, "player_country": "Belgium"},
{"player_id": 1628427, "player_country": "Slovenia"},
{"player_id": 203991, "player_country": "Switzerland"},
{"player_id": 1628975, "player_country": "USA"},
{"player_id": 1628976, "player_country": "USA"},
{"player_id": 1627936, "player_country": "USA"},
{"player_id": 1630658, "player_country": "USA"},
{"player_id": 1630608, "player_country": "France"},
{"player_id": 1630577, "player_country": "USA"},
{"player_id": 1631108, "player_country": "USA"},
{"player_id": 1630528, "player_country": "USA"},
{"player_id": 1631321, "player_country": "France"},
{"player_id": 1641740, "player_country": "USA"},
{"player_id": 1629634, "player_country": "Canada"},
{"player_id": 203903, "player_country": "USA"},
{"player_id": 1629651, "player_country": "USA"},
{"player_id": 1641730, "player_country": "USA"},
{"player_id": 1629599, "player_country": "USA"},
{"player_id": 1628381, "player_country": "USA"},
{"player_id": 1628380, "player_country": "USA"},
{"player_id": 201144, "player_country": "USA"},
{"player_id": 1626192, "player_country": "USA"},
{"player_id": 1641731, "player_country": "France"},
{"player_id": 1641741, "player_country": "USA"},
{"player_id": 203496, "player_country": "USA"},
{"player_id": 1628470, "player_country": "USA"},
{"player_id": 203109, "player_country": "USA"},
{"player_id": 1630595, "player_country": "USA"},
{"player_id": 203552, "player_country": "USA"},
{"player_id": 201939, "player_country": "USA"},
{"player_id": 1630700, "player_country": "Australia"},
{"player_id": 203076, "player_country": "USA"},
{"player_id": 1631098, "player_country": "USA"},
{"player_id": 1631120, "player_country": "USA"},
{"player_id": 201942, "player_country": "USA"},
{"player_id": 1641926, "player_country": "USA"},
{"player_id": 1628978, "player_country": "USA"},
{"player_id": 1631217, "player_country": "France"},
{"player_id": 1641711, "player_country": "USA"},
{"player_id": 1631172, "player_country": "France"},
{"player_id": 203915, "player_country": "USA"},
{"player_id": 1629029, "player_country": "Slovenia"},
{"player_id": 1629652, "player_country": "Canada"},
{"player_id": 1630245, "player_country": "USA"},
{"player_id": 203083, "player_country": "USA"},
{"player_id": 1630537, "player_country": "Dominican Republic"},
{"player_id": 1627739, "player_country": "USA"},
{"player_id": 201142, "player_country": "USA"},
{"player_id": 1631105, "player_country": "USA"},
{"player_id": 1631106, "player_country": "USA"},
{"player_id": 1630162, "player_country": "USA"},
{"player_id": 1630556, "player_country": "USA"},
{"player_id": 1631165, "player_country": "USA"},
{"player_id": 203954, "player_country": "Cameroon"},
{"player_id": 1629234, "player_country": "USA"},
{"player_id": 203957, "player_country": "Australia"},
{"player_id": 1628981, "player_country": "Angola"},
{"player_id": 1627827, "player_country": "USA"},
{"player_id": 1630201, "player_country": "USA"},
{"player_id": 1631323, "player_country": "Italy"},
{"player_id": 1630259, "player_country": "USA"},
{"player_id": 1630235, "player_country": "USA"},
{"player_id": 203095, "player_country": "France"},
{"player_id": 1628368, "player_country": "USA"},
{"player_id": 1631241, "player_country": "USA"},
{"player_id": 1641788, "player_country": "USA"},
{"player_id": 1628365, "player_country": "USA"},
{"player_id": 1629655, "player_country": "USA"},
{"player_id": 201568, "player_country": "Italy"},
{"player_id": 1629636, "player_country": "USA"},
{"player_id": 1630586, "player_country": "Spain"},
{"player_id": 1630568, "player_country": "USA"},
{"player_id": 1629232, "player_country": "USA"},
{"player_id": 1641718, "player_country": "USA"},
{"player_id": 202331, "player_country": "USA"},
{"player_id": 1630581, "player_country": "Australia"},
{"player_id": 1628385, "player_country": "USA"},
{"player_id": 1628983, "player_country": "Canada"},
{"player_id": 1630264, "player_country": "USA"},
{"player_id": 1631221, "player_country": "USA"},
{"player_id": 1631367, "player_country": "USA"},
{"player_id": 203497, "player_country": "France"},
{"player_id": 1630692, "player_country": "USA"},
{"player_id": 203932, "player_country": "USA"},
{"player_id": 201569, "player_country": "USA"},
{"player_id": 1628984, "player_country": "USA"},
{"player_id": 203924, "player_country": "USA"},
{"player_id": 1631260, "player_country": "USA"},
{"player_id": 201980, "player_country": "USA"},
{"player_id": 203110, "player_country": "USA"},
{"player_id": 1630224, "player_country": "USA"},
{"player_id": 201145, "player_country": "USA"},
{"player_id": 1630182, "player_country": "Australia"},
{"player_id": 1631100, "player_country": "USA"},
{"player_id": 1629656, "player_country": "USA"},
{"player_id": 1631243, "player_country": "Senegal"},
{"player_id": 1629060, "player_country": "Japan"},
{"player_id": 1630169, "player_country": "USA"},
{"player_id": 1630181, "player_country": "USA"},
{"player_id": 203501, "player_country": "USA"},
{"player_id": 201935, "player_country": "USA"},
{"player_id": 1630702, "player_country": "USA"},
{"player_id": 1631199, "player_country": "USA"},
{"player_id": 203914, "player_country": "USA"},
{"player_id": 203925, "player_country": "USA"},
{"player_id": 1630284, "player_country": "USA"},
{"player_id": 202699, "player_country": "USA"},
{"player_id": 1628404, "player_country": "USA"},
{"player_id": 1628392, "player_country": "Germany"},
{"player_id": 1630573, "player_country": "USA"},
{"player_id": 1641722, "player_country": "USA"},
{"player_id": 1629637, "player_country": "USA"},
{"player_id": 1630165, "player_country": "France"},
{"player_id": 202330, "player_country": "USA"},
{"player_id": 1630703, "player_country": "USA"},
{"player_id": 1641707, "player_country": "USA"},
{"player_id": 1629639, "player_country": "USA"},
{"player_id": 1627741, "player_country": "Bahamas"},
{"player_id": 1629312, "player_country": "USA"},
{"player_id": 1630207, "player_country": "USA"},
{"player_id": 1641793, "player_country": "British Virgin Islands"},
{"player_id": 1628988, "player_country": "USA"},
{"player_id": 201950, "player_country": "USA"},
{"player_id": 203200, "player_country": "USA"},
{"player_id": 1626158, "player_country": "USA"},
{"player_id": 1631096, "player_country": "USA"},
{"player_id": 1641720, "player_country": "USA"},
{"player_id": 201143, "player_country": "Dominican Republic"},
{"player_id": 1629659, "player_country": "USA"},
{"player_id": 1627863, "player_country": "USA"},
{"player_id": 1631216, "player_country": "Canada"},
{"player_id": 1641724, "player_country": "USA"},
{"player_id": 1628989, "player_country": "USA"},
{"player_id": 1630643, "player_country": "USA"},
{"player_id": 1629631, "player_country": "USA"},
{"player_id": 1630538, "player_country": "USA"},
{"player_id": 204060, "player_country": "Australia"},
{"player_id": 1627742, "player_country": "USA"},
{"player_id": 202681, "player_country": "Australia"},
{"player_id": 1628371, "player_country": "USA"},
{"player_id": 1631093, "player_country": "USA"},
{"player_id": 1641713, "player_country": "USA"},
{"player_id": 1630543, "player_country": "USA"},
{"player_id": 202704, "player_country": "USA"},
{"player_id": 1641748, "player_country": "USA"},
{"player_id": 1628991, "player_country": "USA"},
{"player_id": 1631218, "player_country": "USA"},
{"player_id": 2544, "player_country": "USA"},
{"player_id": 1631170, "player_country": "USA"},
{"player_id": 1629610, "player_country": "USA"},
{"player_id": 1629660, "player_country": "USA"},
{"player_id": 1630198, "player_country": "USA"},
{"player_id": 1629661, "player_country": "USA"},
{"player_id": 1630552, "player_country": "USA"},
{"player_id": 1629640, "player_country": "USA"},
{"player_id": 1630553, "player_country": "USA"},
{"player_id": 1641749, "player_country": "USA"},
{"player_id": 203999, "player_country": "Serbia"},
{"player_id": 1641732, "player_country": "USA"},
{"player_id": 1627745, "player_country": "USA"},
{"player_id": 1630529, "player_country": "USA"},
{"player_id": 1630200, "player_country": "USA"},
{"player_id": 1626145, "player_country": "USA"},
{"player_id": 1627884, "player_country": "USA"},
{"player_id": 201599, "player_country": "USA"},
{"player_id": 202709, "player_country": "Canada"},
{"player_id": 1631107, "player_country": "Serbia"},
{"player_id": 1630548, "player_country": "USA"},
{"player_id": 1628379, "player_country": "USA"},
{"player_id": 1631117, "player_country": "USA"},
{"player_id": 1630296, "player_country": "USA"},
{"player_id": 1630557, "player_country": "USA"},
{"player_id": 1628467, "player_country": "Germany"},
{"player_id": 1630233, "player_country": "USA"},
{"player_id": 1628995, "player_country": "USA"},
{"player_id": 1631132, "player_country": "Cameroon"},
{"player_id": 1629723, "player_country": "USA"},
{"player_id": 1627788, "player_country": "Turkey"},
{"player_id": 1628436, "player_country": "USA"},
{"player_id": 1630228, "player_country": "DRC"},
{"player_id": 1628398, "player_country": "USA"},
{"player_id": 1631222, "player_country": "USA"},
{"player_id": 203897, "player_country": "USA"},
{"player_id": 1629111, "player_country": "Australia"},
{"player_id": 1630639, "player_country": "Canada"},
{"player_id": 1627747, "player_country": "USA"},
{"player_id": 1627814, "player_country": "USA"},
{"player_id": 1630240, "player_country": "USA"},
{"player_id": 203458, "player_country": "Ukraine"},
{"player_id": 202695, "player_country": "USA"},
{"player_id": 1631171, "player_country": "USA"},
{"player_id": 1641721, "player_country": "USA"},
{"player_id": 1630184, "player_country": "USA"},
{"player_id": 1630604, "player_country": "USA"},
{"player_id": 203081, "player_country": "USA"},
{"player_id": 1629642, "player_country": "USA"},
{"player_id": 1641726, "player_country": "USA"},
{"player_id": 1630587, "player_country": "USA"},
{"player_id": 1641753, "player_country": "USA"},
{"player_id": 1631254, "player_country": "USA"},
{"player_id": 1626172, "player_country": "USA"},
{"player_id": 201572, "player_country": "USA"},
{"player_id": 201577, "player_country": "USA"},
{"player_id": 201567, "player_country": "USA"},
{"player_id": 200768, "player_country": "USA"},
{"player_id": 1641754, "player_country": "USA"},
{"player_id": 1626168, "player_country": "Canada"},
{"player_id": 1630177, "player_country": "France"},
{"player_id": 1630572, "player_country": "Georgia"},
{"player_id": 1629611, "player_country": "USA"},
{"player_id": 1630544, "player_country": "USA"},
{"player_id": 1626246, "player_country": "Serbia"},
{"player_id": 1628374, "player_country": "Finland"},
{"player_id": 1630230, "player_country": "USA"},
{"player_id": 1628997, "player_country": "USA"},
{"player_id": 1628998, "player_country": "USA"},
{"player_id": 1630231, "player_country": "USA"},
{"player_id": 1629726, "player_country": "USA"},
{"player_id": 1631097, "player_country": "Canada"},
{"player_id": 202083, "player_country": "USA"},
{"player_id": 1630178, "player_country": "USA"},
{"player_id": 1630219, "player_country": "USA"},
{"player_id": 1630540, "player_country": "USA"},
{"player_id": 203468, "player_country": "USA"},
{"player_id": 204456, "player_country": "USA"},
{"player_id": 1630183, "player_country": "USA"},
{"player_id": 1629667, "player_country": "USA"},
{"player_id": 203926, "player_country": "USA"},
{"player_id": 201580, "player_country": "USA"},
{"player_id": 1631121, "player_country": "USA"},
{"player_id": 1629162, "player_country": "USA"},
{"player_id": 1629001, "player_country": "USA"},
{"player_id": 1630241, "player_country": "USA"},
{"player_id": 1629002, "player_country": "USA"},
{"player_id": 203995, "player_country": "Serbia"},
{"player_id": 203114, "player_country": "USA"},
{"player_id": 1641706, "player_country": "USA"},
{"player_id": 1641757, "player_country": "USA"},
{"player_id": 1631159, "player_country": "Canada"},
{"player_id": 201988, "player_country": "Australia"},
{"player_id": 1629003, "player_country": "USA"},
{"player_id": 1631303, "player_country": "USA"},
{"player_id": 1631169, "player_country": "USA"},
{"player_id": 1630558, "player_country": "USA"},
{"player_id": 1628378, "player_country": "USA"},
{"player_id": 1630596, "player_country": "USA"},
{"player_id": 1630600, "player_country": "USA"},
{"player_id": 1628370, "player_country": "USA"},
{"player_id": 1630541, "player_country": "USA"},
{"player_id": 1631111, "player_country": "USA"},
{"player_id": 1629630, "player_country": "USA"},
{"player_id": 202693, "player_country": "USA"},
{"player_id": 1628420, "player_country": "USA"},
{"player_id": 202694, "player_country": "USA"},
{"player_id": 1630530, "player_country": "USA"},
{"player_id": 1627749, "player_country": "USA"},
{"player_id": 1627750, "player_country": "Canada"},
{"player_id": 1631099, "player_country": "USA"},
{"player_id": 1631200, "player_country": "USA"},
{"player_id": 203488, "player_country": "USA"},
{"player_id": 1629004, "player_country": "Ukraine"},
{"player_id": 1626204, "player_country": "USA"},
{"player_id": 1629614, "player_country": "Canada"},
{"player_id": 1630174, "player_country": "USA"},
{"player_id": 1627777, "player_country": "USA"},
{"player_id": 1630227, "player_country": "USA"},
{"player_id": 1630192, "player_country": "USA"},
{"player_id": 1641936, "player_country": "USA"},
{"player_id": 1641806, "player_country": "USA"},
{"player_id": 1628373, "player_country": "France"},
{"player_id": 203994, "player_country": "Bosnia and Herzegovina"},
{"player_id": 1629670, "player_country": "USA"},
{"player_id": 1626220, "player_country": "USA"},
{"player_id": 1629643, "player_country": "USA"},
{"player_id": 1629006, "player_country": "Nigeria"},
{"player_id": 1630168, "player_country": "USA"},
{"player_id": 1630171, "player_country": "USA"},
{"player_id": 203506, "player_country": "USA"},
{"player_id": 203482, "player_country": "Canada"},
{"player_id": 1630647, "player_country": "Nigeria"},
{"player_id": 1626224, "player_country": "Turkey"},
{"player_id": 1626162, "player_country": "USA"},
{"player_id": 101108, "player_country": "USA"},
{"player_id": 1626166, "player_country": "USA"},
{"player_id": 1627780, "player_country": "USA"},
{"player_id": 1630196, "player_country": "Serbia"},
{"player_id": 1641763, "player_country": "USA"},
{"player_id": 1629618, "player_country": "USA"},
{"player_id": 203486, "player_country": "USA"},
{"player_id": 1641764, "player_country": "USA"},
{"player_id": 1627751, "player_country": "Austria"},
{"player_id": 1630197, "player_country": "Serbia"},
{"player_id": 1629673, "player_country": "USA"},
{"player_id": 1641854, "player_country": "USA"},
{"player_id": 1629008, "player_country": "USA"},
{"player_id": 203490, "player_country": "USA"},
{"player_id": 1626171, "player_country": "USA"},
{"player_id": 204001, "player_country": "Latvia"},
{"player_id": 1630695, "player_country": "USA"},
{"player_id": 203939, "player_country": "Canada"},
{"player_id": 1626181, "player_country": "USA"},
{"player_id": 1630563, "player_country": "Canada"},
{"player_id": 1627752, "player_country": "USA"},
{"player_id": 1630202, "player_country": "USA"},
{"player_id": 1641765, "player_country": "Canada"},
{"player_id": 1630243, "player_country": "USA"},
{"player_id": 1629674, "player_country": "Portugal"},
{"player_id": 1630193, "player_country": "USA"},
{"player_id": 1631311, "player_country": "USA"},
{"player_id": 203944, "player_country": "USA"},
{"player_id": 1641871, "player_country": "South Sudan"},
{"player_id": 1630559, "player_country": "USA"},
{"player_id": 1629629, "player_country": "USA"},
{"player_id": 1630194, "player_country": "USA"},
{"player_id": 1629675, "player_country": "USA"},
{"player_id": 1631197, "player_country": "USA"},
{"player_id": 1641811, "player_country": "USA"},
{"player_id": 1630208, "player_country": "Jamaica"},
{"player_id": 1626196, "player_country": "USA"},
{"player_id": 1629130, "player_country": "USA"},
{"player_id": 1629010, "player_country": "USA"},
{"player_id": 1629011, "player_country": "USA"},
{"player_id": 1631115, "player_country": "USA"},
{"player_id": 1630526, "player_country": "USA"},
{"player_id": 1631223, "player_country": "USA"},
{"player_id": 1631157, "player_country": "USA"},
{"player_id": 201565, "player_country": "USA"},
{"player_id": 1626179, "player_country": "USA"},
{"player_id": 201937, "player_country": "Spain"},
{"player_id": 1641712, "player_country": "France"},
{"player_id": 1626156, "player_country": "USA"},
{"player_id": 1630346, "player_country": "USA"},
{"player_id": 1627734, "player_country": "Lithuania"},
{"player_id": 1629677, "player_country": "Croatia"},
{"player_id": 1631257, "player_country": "USA"},
{"player_id": 1641766, "player_country": "Mali"},
{"player_id": 1630611, "player_country": "Brazil"},
{"player_id": 203967, "player_country": "Croatia"},
{"player_id": 1630846, "player_country": "France"},
{"player_id": 1631204, "player_country": "USA"},
{"player_id": 1629678, "player_country": "United Kingdom"},
{"player_id": 203471, "player_country": "Germany"},
{"player_id": 1631220, "player_country": "USA"},
{"player_id": 1630578, "player_country": "Turkey"},
{"player_id": 1641729, "player_country": "USA"},
{"player_id": 1629012, "player_country": "USA"},
{"player_id": 1629013, "player_country": "USA"},
{"player_id": 1630549, "player_country": "USA"},
{"player_id": 1631101, "player_country": "Canada"},
{"player_id": 1641767, "player_country": "USA"},
{"player_id": 1627783, "player_country": "Cameroon"},
{"player_id": 1627732, "player_country": "Australia"},
{"player_id": 1629014, "player_country": "USA"},
{"player_id": 1630579, "player_country": "USA"},
{"player_id": 1641771, "player_country": "USA"},
{"player_id": 1630606, "player_country": "USA"},
{"player_id": 203935, "player_country": "USA"},
{"player_id": 1630696, "player_country": "USA"},
{"player_id": 202397, "player_country": "USA"},
{"player_id": 1630188, "player_country": "USA"},
{"player_id": 1631173, "player_country": "USA"},
{"player_id": 1628372, "player_country": "USA"},
{"player_id": 1631095, "player_country": "USA"},
{"player_id": 1641733, "player_country": "USA"},
{"player_id": 1631110, "player_country": "Poland"},
{"player_id": 1630531, "player_country": "USA"},
{"player_id": 1630205, "player_country": "USA"},
{"player_id": 1630191, "player_country": "USA"},
{"player_id": 1631124, "player_country": "USA"},
{"player_id": 1629622, "player_country": "USA"},
{"player_id": 1630591, "player_country": "USA"},
{"player_id": 1631306, "player_country": "USA"},
{"player_id": 1630256, "player_country": "USA"},
{"player_id": 1628369, "player_country": "USA"},
{"player_id": 1630678, "player_country": "USA"},
{"player_id": 202066, "player_country": "USA"},
{"player_id": 1631207, "player_country": "USA"},
{"player_id": 1628464, "player_country": "Germany"},
{"player_id": 1630560, "player_country": "Japan"},
{"player_id": 1641708, "player_country": "USA"},
{"player_id": 1641709, "player_country": "USA"},
{"player_id": 202691, "player_country": "USA"},
{"player_id": 202684, "player_country": "Canada"},
{"player_id": 1630550, "player_country": "USA"},
{"player_id": 1629680, "player_country": "USA"},
{"player_id": 1630214, "player_country": "USA"},
{"player_id": 1631210, "player_country": "USA"},
{"player_id": 1630167, "player_country": "USA"},
{"player_id": 1626157, "player_country": "USA"},
{"player_id": 1629018, "player_country": "USA"},
{"player_id": 1631131, "player_country": "DRC"},
{"player_id": 200782, "player_country": "USA"},
{"player_id": 1626167, "player_country": "USA"},
{"player_id": 1641816, "player_country": "USA"},
{"player_id": 1630649, "player_country": "USA"},
{"player_id": 202685, "player_country": "Lithuania"},
{"player_id": 1627832, "player_country": "USA"},
{"player_id": 1629020, "player_country": "USA"},
{"player_id": 1630170, "player_country": "USA"},
{"player_id": 1628426, "player_country": "Bulgaria"},
{"player_id": 1629216, "player_country": "USA"},
{"player_id": 202696, "player_country": "Montenegro"},
{"player_id": 1629731, "player_country": "USA"},
{"player_id": 1630532, "player_country": "Germany"},
{"player_id": 1629021, "player_country": "Germany"},
{"player_id": 1630688, "player_country": "USA"},
{"player_id": 1631133, "player_country": "USA"},
{"player_id": 1641716, "player_country": "USA"},
{"player_id": 1629022, "player_country": "USA"},
{"player_id": 1641717, "player_country": "USA"},
{"player_id": 1641775, "player_country": "USA"},
{"player_id": 1629023, "player_country": "USA"},
{"player_id": 1630613, "player_country": "Germany"},
{"player_id": 1631102, "player_country": "USA"},
{"player_id": 1629139, "player_country": "Japan"},
{"player_id": 1630322, "player_country": "USA"},
{"player_id": 1630570, "player_country": "USA"},
{"player_id": 1631212, "player_country": "USA"},
{"player_id": 1641705, "player_country": "France"},
{"player_id": 1631104, "player_country": "USA"},
{"player_id": 201566, "player_country": "USA"},
{"player_id": 1629632, "player_country": "USA"},
{"player_id": 1628401, "player_country": "USA"},
{"player_id": 1641727, "player_country": "USA"},
{"player_id": 1641715, "player_country": "USA"},
{"player_id": 1630598, "player_country": "USA"},
{"player_id": 203952, "player_country": "Canada"},
{"player_id": 1629623, "player_country": "Canada"},
{"player_id": 1629684, "player_country": "USA"},
{"player_id": 1631114, "player_country": "USA"},
{"player_id": 1631119, "player_country": "USA"},
{"player_id": 1629026, "player_country": "USA"},
{"player_id": 1631109, "player_country": "USA"},
{"player_id": 1631466, "player_country": "USA"},
{"player_id": 1630172, "player_country": "USA"},
{"player_id": 1630533, "player_country": "USA"},
{"player_id": 1629057, "player_country": "USA"},
{"player_id": 1631246, "player_country": "USA"},
{"player_id": 1629627, "player_country": "USA"},
{"player_id": 1630592, "player_country": "USA"},
{"player_id": 1629685, "player_country": "USA"},
{"player_id": 1630164, "player_country": "USA"},
{"player_id": 1631209, "player_country": "USA"},
{"player_id": 1626174, "player_country": "USA"},
{"player_id": 1626153, "player_country": "USA"},
{"player_id": 201152, "player_country": "USA"},
{"player_id": 1629027, "player_country": "USA"},
{"player_id": 1630209, "player_country": "Turkey"},
{"player_id": 203469, "player_country": "USA"},
{"player_id": 1627826, "player_country": "Croatia"}
]